south,west,north,east
55.9426000,-3.1976500,55.9481140,-3.1860560
